SSC_CODE_2016,R_0_74_LT_Real_estate_agent,R_0_74_LT_Ste_terr_hsg_auth,R_0_74_LT_Psn_not_Sme_hhd,R_0_74_LT_hs_coop_com_ch_g,R_0_74_LT_Other_Lld_type,R_0_74_LT_Lld_type_ns,R_0_74_Tot,R_75_99_LT_Real_estate_agent,R_75_99_LT_Ste_terr_hsg_auth,R_75_99_LT_Psn_not_Sme_hhd,R_75_99_LT_hs_coop_com_ch_g,R_75_99_LT_Other_Lld_type,R_75_99_LT_Lld_type_ns,R_75_99_Tot,R_100_149_LT_Real_eSte_agent,R_100_149_LT_St_ter_hsg_aut,R_100_149_LT_Psn_not_Sme_hhd,R_100_149_LT_hs_coop_com_ch_g,R_100_149_LT_Other_Lld_type,R_100_149_LT_Lld_type_ns,R_100_149_Tot,R_150_199_LT_Real_eSte_agent,R_150_199_LT_Ste_ter_hsg_aut,R_150_199_LT_Psn_not_Sme_hhd,R_150_199_LT_hs_coop_com_ch_g,R_150_199_LT_Other_Lld_type,R_150_199_LT_Lld_type_ns,R_150_199_Tot,R_200_224_LT_Real_eSte_agent,R_200_224_LT_Ste_ter_hsg_aut,R_200_224_LT_Psn_not_Sme_hhd,R_200_224_LT_hs_coop_com_ch_g,R_200_224_LT_Other_Lld_type,R_200_224_LT_Lld_type_ns,R_200_224_Tot,R_225_274_LT_Real_eSte_agent,R_225_274_LT_Ste_ter_hsg_aut,R_225_274_LT_Psn_not_Sme_hhd,R_225_274_LT_hs_coop_com_ch_g,R_225_274_LT_Other_Lld_type,R_225_274_LT_Lld_type_ns,R_225_274_Tot,R_275_349_LT_Real_eSte_agent,R_275_349_LT_Ste_ter_hsg_aut,R_275_349_LT_Psn_not_Sme_hhd,R_275_349_LT_hs_coop_com_ch_g,R_275_349_LT_Other_Lld_type,R_275_349_LT_Lld_type_ns,R_275_349_Tot,R_350_449_LT_Real_eSte_agent,R_350_449_LT_Ste_ter_hsg_aut,R_350_449_LT_Psn_not_Sme_hhd,R_350_449_LT_hs_coop_com_ch_g,R_350_449_LT_Other_Lld_type,R_350_449_LT_Lld_type_ns,R_350_449_Tot,R_450_549_LT_Real_eSte_agent,R_450_549_LT_Ste_ter_hsg_aut,R_450_549_LT_Psn_not_Sme_hhd,R_450_549_LT_hs_coop_com_ch_g,R_450_549_LT_Other_Lld_type,R_450_549_LT_Lld_type_ns,R_450_549_Tot,R_550_649_LT_Real_eSte_agent,R_550_649_LT_Ste_ter_hsg_aut,R_550_649_LT_Psn_not_Sme_hhd,R_550_649_LT_hs_coop_com_ch_g,R_550_649_LT_Other_Lld_type,R_550_649_LT_Lld_type_ns,R_550_649_Tot,R_650_749_LT_Real_eSte_agent,R_650_749_LT_Ste_ter_hsg_aut,R_650_749_LT_Psn_not_Sme_hhd,R_650_749_LT_hs_coop_com_ch_g,R_650_749_LT_Other_Lld_type,R_650_749_LT_Lld_type_ns,R_650_749_Tot,R_750_849_LT_Real_eSte_agent,R_750_849_LT_Ste_ter_hsg_aut,R_750_849_LT_Psn_not_Sme_hhd,R_750_849_LT_hs_coop_com_ch_g,R_750_849_LT_Other_Lld_type,R_750_849_LT_Lld_type_ns,R_750_849_Tot,R_850_949_LT_Real_estat_agent,R_850_949_LT_Ste_ter_hsg_aut,R_850_949_LT_Psn_not_Sme_hhd,R_850_949_LT_hs_coop_com_ch_g,R_850_949_LT_Other_Lld_type,R_850_949_LT_Lld_type_ns,R_850_949_Tot,R_950_over_LT_Real_eSte_agent,R_950_over_LT_Ste_ter_hsg_aut,R_950_over_LT_Psn_not_Sme_hhd,R_950_ovr_LT_hs_coop_com_ch_g,R_950_over_LT_Other_Lld_type,R_650_over_LT_Lld_type_ns,R_950_over_Tot,Rent_ns_LT_Real_eSte_agent,Rent_ns_LT_Ste_ter_hsg_auth,Rent_ns_LT_Psn_not_Sme_hhd,Rent_ns_LT_hs_coop_com_ch_g,Rent_ns_LT_Other_Lld_type,Rent_ns_LT_Lld_type_ns,Rent_ns_Tot,Tot_LT_Real_eSte_agent,Tot_LT_Ste_ter_hsg_auth,Tot_LT_Psn_not_Sme_hhd,Tot_LT_hs_coop_com_ch_g,Tot_LT_Other_Lld_type,Tot_LT_Lld_type_ns,Tot_Tot
SSC80001,0,0,0,0,0,0,3,0,0,0,0,0,0,0,0,0,0,0,0,0,0,0,0,0,0,0,0,0,0,0,0,0,0,0,0,0,0,0,0,0,0,0,0,0,0,0,0,0,0,0,0,0,0,0,0,3,0,0,0,0,0,0,0,0,0,0,0,0,0,0,0,0,0,0,0,0,0,0,0,0,0,0,0,0,0,0,0,0,0,0,0,0,0,0,0,0,0,0,0,0,0,0,0,0,0,0,0,0,0,3,0,5
SSC80002,0,0,0,0,0,0,3,0,0,0,0,0,0,0,0,0,0,0,0,0,0,0,0,0,0,0,0,0,0,0,0,0,0,0,0,0,0,0,0,0,0,0,0,0,0,0,0,0,0,0,0,0,0,0,0,0,0,0,0,0,0,0,0,0,0,0,0,0,0,0,0,0,0,0,0,0,0,0,0,0,0,0,0,0,0,0,0,0,0,0,0,0,0,0,0,0,0,0,0,0,0,0,0,0,0,0,0,7,0,0,0,11
SSC80003,0,0,0,0,0,0,0,0,0,0,0,0,0,0,0,0,0,0,0,0,0,0,0,0,0,0,0,0,0,0,0,0,0,0,0,0,0,0,0,0,0,0,0,0,0,0,0,0,0,0,0,0,0,0,0,0,0,0,0,0,0,0,0,0,0,0,0,0,0,0,0,0,0,0,0,0,0,0,0,0,0,0,0,0,0,0,0,0,0,0,0,0,0,0,0,0,0,0,0,0,0,0,0,0,0,0,0,0,0,0,0,0
SSC80004,0,0,0,0,0,0,0,0,0,0,0,0,0,0,0,0,0,0,0,0,0,0,0,0,0,0,0,0,0,0,0,0,0,0,0,0,0,0,0,0,0,0,0,0,0,0,0,0,0,0,0,0,0,0,0,0,0,0,0,0,0,0,0,0,0,0,0,0,0,0,0,0,0,0,0,0,0,0,0,0,0,0,0,0,0,0,0,0,0,0,0,0,0,0,0,0,0,0,0,0,0,0,0,0,0,0,0,0,0,0,0,0
SSC80005,0,0,0,0,0,0,0,0,0,0,0,0,0,0,0,0,0,0,0,0,0,0,0,0,0,0,0,0,0,0,0,0,0,0,0,0,0,0,0,0,0,0,0,0,0,0,0,0,0,0,0,0,0,0,0,0,0,0,0,0,0,0,0,0,0,0,0,0,0,0,0,0,0,0,0,0,0,0,0,0,0,0,0,0,0,0,0,0,0,0,0,0,0,0,0,0,0,0,0,0,0,0,0,0,0,0,0,3,0,0,0,3
SSC80006,0,0,0,0,0,0,0,0,0,0,0,0,0,0,0,0,0,0,0,0,0,0,0,0,0,0,0,0,0,0,0,0,0,0,0,0,0,0,0,0,0,0,0,0,0,0,0,0,0,0,0,0,0,0,0,0,0,0,0,0,0,0,0,0,0,0,0,0,0,0,0,0,0,0,0,0,0,0,0,0,0,0,0,0,0,0,0,0,0,0,0,0,0,0,0,0,0,0,0,0,0,0,0,0,0,0,0,0,0,0,0,0
SSC80007,0,0,0,0,0,0,0,0,0,0,0,0,0,0,0,0,0,0,0,0,0,0,0,0,0,0,0,0,0,0,0,0,0,0,0,0,0,0,0,0,0,0,0,0,0,0,0,0,0,0,0,0,0,0,0,0,0,0,0,0,0,0,4,0,0,0,0,0,0,0,0,0,0,0,0,0,0,0,0,0,0,0,0,0,0,0,0,0,0,0,0,0,0,0,0,0,0,0,0,0,0,0,0,0,0,0,0,0,0,0,0,4
SSC80008,0,0,0,0,0,0,0,0,0,0,0,0,0,0,0,0,0,0,0,0,0,0,0,0,0,0,0,0,0,0,0,0,0,0,0,0,0,0,0,0,0,0,0,0,0,0,0,0,0,0,0,0,0,0,0,0,0,0,0,0,0,0,0,0,0,0,0,0,0,0,0,0,0,0,0,0,0,0,0,0,0,0,0,0,0,0,0,0,0,0,0,0,0,0,0,0,0,0,0,0,0,0,0,0,0,0,0,3,0,0,0,6
SSC80009,0,0,0,0,0,0,0,0,0,0,0,0,0,0,0,0,0,0,0,0,0,0,0,0,0,0,0,0,0,0,0,0,0,0,0,0,0,0,0,0,0,0,0,0,0,0,0,0,0,0,0,0,0,0,0,3,0,0,3,0,0,0,3,0,0,0,0,0,0,0,0,0,0,0,0,0,0,0,0,0,0,0,0,0,0,0,0,0,0,0,0,0,0,0,0,0,0,0,0,0,0,0,0,0,0,0,0,3,0,0,0,9
SSC80010,0,0,0,0,0,0,0,0,0,0,0,0,0,0,0,0,0,0,0,0,0,0,0,0,0,0,0,0,0,0,0,0,0,0,0,0,0,0,0,0,0,0,0,0,0,0,0,0,0,0,0,0,0,0,0,0,0,0,0,0,0,0,0,0,0,0,0,0,0,0,0,0,0,0,0,0,0,0,0,0,0,0,0,0,0,0,0,0,0,0,0,0,0,0,0,0,0,0,0,0,0,0,0,0,0,0,0,0,0,0,0,3
SSC80011,0,0,0,0,0,3,3,0,0,0,0,0,0,0,0,0,0,0,0,0,0,0,0,0,0,0,0,0,0,0,0,0,0,0,0,0,0,0,0,0,0,0,0,0,0,0,0,0,0,0,0,0,0,0,0,0,0,0,0,0,0,0,0,0,0,0,0,0,0,0,0,0,0,0,0,0,0,0,0,0,0,0,0,0,0,0,0,0,0,0,0,0,0,0,0,0,0,0,0,0,0,0,0,0,0,0,0,4,0,0,3,12
SSC80012,0,0,0,0,0,0,0,0,0,0,0,0,0,0,0,0,0,0,0,0,0,0,0,0,0,0,0,0,0,0,0,0,0,0,0,0,0,0,0,0,0,0,0,0,0,0,0,0,0,0,0,0,0,0,0,0,0,0,0,0,0,0,0,0,0,0,0,0,0,0,0,0,0,0,0,0,0,0,0,0,0,0,0,0,0,0,0,0,0,0,0,0,0,0,0,0,0,0,0,0,0,0,0,0,0,0,0,0,0,0,0,0
SSC80013,0,0,0,0,0,0,0,0,0,0,0,0,0,0,0,0,0,0,0,0,0,0,0,0,0,0,0,0,0,0,0,0,0,0,0,0,0,0,0,0,0,0,0,0,0,0,0,0,0,0,0,0,0,3,0,3,0,0,0,0,0,0,0,0,0,0,0,0,0,0,0,0,0,0,0,0,0,0,0,0,0,0,0,0,0,0,0,0,0,0,0,0,0,0,0,0,0,0,0,0,0,0,0,0,0,0,0,0,0,4,0,5
SSC80014,0,0,0,0,0,0,0,0,0,0,0,0,0,0,0,0,0,0,0,0,0,0,0,0,0,0,0,0,0,0,0,0,0,0,0,0,0,0,0,0,0,0,0,0,0,0,0,0,0,0,0,0,0,0,0,0,0,0,0,0,0,0,0,0,0,0,0,0,0,0,0,0,0,0,0,0,0,0,0,0,0,0,0,0,0,0,0,0,0,0,0,0,0,0,0,0,0,0,0,0,0,0,0,0,0,0,0,7,0,0,0,3
SSC80015,0,0,0,0,0,0,0,0,0,0,0,0,0,0,0,0,0,0,0,0,0,0,0,0,0,0,0,0,0,0,0,0,0,0,0,0,0,0,0,0,0,0,0,0,0,0,0,0,0,0,0,0,0,0,0,0,0,0,0,0,0,0,0,0,0,0,0,0,0,0,0,0,0,0,0,0,0,0,0,0,0,0,0,0,0,0,0,0,0,0,0,0,0,0,0,0,0,0,0,0,0,0,0,0,0,0,0,0,0,0,0,0
SSC80016,0,0,0,0,0,0,0,0,0,0,0,0,0,0,0,0,0,0,0,0,0,0,0,0,0,0,0,0,0,0,0,0,0,0,0,0,0,0,0,0,0,0,0,0,0,0,0,0,0,0,0,0,0,0,0,0,0,0,0,0,0,0,0,0,0,0,0,0,0,0,0,0,0,0,0,0,0,0,0,0,0,0,0,0,0,0,0,0,0,0,0,0,0,0,0,0,0,0,0,0,0,0,0,0,0,0,0,0,0,0,0,0
SSC80017,0,22,7,0,0,8,35,0,61,0,0,0,3,63,0,110,0,6,0,0,122,3,51,3,3,0,0,54,0,10,6,5,0,0,20,0,19,5,14,0,0,43,7,5,13,10,4,0,39,26,20,28,0,0,0,71,80,4,40,0,0,0,120,31,3,20,0,0,0,49,20,0,0,0,3,0,25,15,0,4,0,0,0,21,3,0,3,0,0,0,4,7,0,3,0,0,0,8,0,22,3,3,0,0,33,190,323,136,44,8,14,716
SSC80018,0,0,4,0,3,0,8,0,9,0,0,0,0,9,0,18,0,0,0,0,16,0,9,4,0,0,0,11,0,4,3,0,3,0,14,0,8,0,0,47,0,53,0,3,7,0,16,0,27,68,3,19,0,7,0,96,103,0,32,0,4,0,144,30,0,3,0,3,0,36,8,0,0,0,0,0,8,0,0,0,0,0,0,3,4,0,0,0,0,0,4,3,0,0,0,0,0,3,3,5,0,0,0,0,10,215,51,84,3,85,3,443
SSC80019,0,0,5,0,0,6,12,0,0,0,0,0,0,4,0,8,0,0,0,0,6,0,0,3,0,0,0,3,3,0,3,0,0,0,3,0,0,0,0,0,0,3,7,3,9,0,0,0,17,18,0,15,0,0,0,29,22,0,17,0,0,0,35,5,0,5,0,0,0,9,11,0,4,0,0,0,14,3,0,0,0,0,0,3,0,0,0,0,0,0,0,0,0,0,0,0,0,0,0,0,0,0,0,0,5,66,16,65,0,3,6,157
SSC80020,0,3,6,0,0,0,11,0,10,0,0,0,0,5,0,20,0,0,0,0,20,0,12,3,0,0,0,15,3,4,3,0,0,0,9,0,8,0,0,5,0,14,10,8,10,0,6,0,33,106,9,38,0,3,0,155,33,3,12,0,0,0,44,3,0,3,0,0,0,11,3,0,0,0,0,0,3,0,0,0,0,0,0,0,0,0,0,0,0,0,0,0,0,0,0,0,0,0,0,3,5,5,0,0,11,162,67,77,4,16,0,337
SSC80021,0,0,0,0,0,0,0,0,0,0,0,0,0,0,0,0,0,0,0,0,3,0,0,0,0,0,0,0,0,0,0,0,0,0,3,0,0,0,0,0,0,3,4,0,5,0,3,0,7,102,0,21,0,0,0,120,77,0,19,0,0,0,98,64,0,14,0,0,0,72,25,0,3,0,0,0,34,5,0,0,0,0,0,5,3,0,3,0,0,0,7,4,0,0,0,0,0,6,5,0,0,0,0,3,11,290,0,62,0,7,3,361
SSC80022,0,0,0,0,0,0,0,0,0,0,0,0,0,0,0,0,0,0,0,0,0,0,0,0,0,0,0,0,0,0,0,0,0,0,0,0,0,0,0,0,0,0,0,0,0,0,0,0,0,0,0,0,0,0,0,0,0,0,0,0,0,0,0,0,0,0,0,0,0,0,0,0,0,0,0,0,0,0,0,0,0,0,0,0,0,0,0,0,0,0,0,0,0,0,0,0,0,0,0,0,0,0,0,0,0,0,0,0,0,0,0,0
SSC80023,3,26,7,0,0,5,43,0,31,0,0,0,0,36,3,74,3,3,0,0,83,11,41,11,8,0,0,70,8,16,14,0,5,0,40,4,4,4,0,5,0,18,342,11,74,0,7,0,437,641,6,156,0,12,4,819,130,0,53,0,3,0,188,47,0,24,0,0,0,77,4,0,5,0,0,0,13,3,0,0,0,0,0,3,0,0,0,0,0,0,3,3,0,0,0,0,0,3,11,13,6,0,0,7,47,1217,223,364,15,38,19,1873
SSC80024,0,0,5,0,0,0,6,0,3,0,0,0,0,3,0,16,0,0,0,0,18,3,7,0,0,0,0,11,0,0,3,0,0,0,11,6,3,0,0,7,0,18,32,10,6,26,7,0,72,115,7,43,3,10,0,176,115,0,35,0,5,0,163,48,0,16,0,3,0,70,4,0,3,0,0,0,4,0,0,3,0,0,0,4,0,0,0,0,0,0,0,0,0,0,0,0,0,0,5,0,5,0,0,0,11,327,43,126,27,37,3,569
SSC80025,0,4,5,0,0,0,11,0,15,0,0,0,0,15,0,32,0,0,0,0,32,0,15,0,0,0,0,18,0,9,0,0,0,0,13,3,10,4,0,3,0,22,5,7,6,0,11,0,34,106,6,54,0,5,0,176,66,0,37,0,3,0,109,9,0,5,0,0,0,12,0,0,0,0,0,0,0,0,0,0,0,0,0,0,0,0,0,0,0,0,0,0,0,0,0,0,0,0,8,0,0,0,0,0,10,196,103,118,3,25,8,450
SSC80026,3,21,5,18,3,3,55,0,45,0,0,0,0,48,0,66,0,5,0,0,74,5,20,5,4,0,0,33,6,14,12,0,3,0,31,10,23,21,0,10,0,62,56,10,25,0,6,0,98,484,9,97,0,4,0,599,295,0,102,0,4,0,404,96,0,28,0,3,0,124,20,0,15,0,0,0,30,7,0,14,0,0,0,19,3,0,3,0,0,0,6,5,0,4,0,0,0,16,6,15,9,0,3,0,33,1006,228,338,31,37,12,1646
SSC80027,0,0,9,0,3,10,19,0,0,0,0,0,0,0,3,3,0,8,0,0,14,8,0,14,0,3,0,31,0,4,3,0,0,0,7,32,4,3,5,19,0,60,275,4,62,0,55,0,392,322,3,91,0,19,3,440,178,0,64,0,5,0,254,68,0,19,0,3,0,85,11,0,5,0,0,0,18,9,0,7,0,3,0,16,3,0,0,0,0,0,3,4,0,0,0,0,0,6,11,3,7,5,3,0,27,925,18,293,18,114,18,1382
SSC80028,0,0,11,0,0,0,9,0,8,0,0,0,0,8,3,23,0,0,0,0,23,3,6,6,0,0,0,19,0,6,3,0,0,0,9,0,3,3,0,0,0,6,13,6,18,0,4,0,38,103,3,57,0,3,0,165,50,0,23,0,0,0,70,10,0,0,0,0,0,13,0,0,0,0,0,0,0,0,0,0,0,0,0,0,0,0,0,0,0,0,0,0,0,0,0,0,0,0,0,3,4,0,0,3,7,192,55,126,3,6,3,379
SSC80029,0,0,0,0,3,4,7,0,0,0,3,0,0,3,0,4,0,0,5,0,9,4,8,5,0,0,0,16,0,3,0,0,4,0,8,30,12,12,0,64,0,115,52,3,14,0,49,0,114,41,0,3,0,4,0,52,27,0,12,0,5,0,44,26,0,10,0,3,0,38,24,0,5,0,0,0,32,13,0,3,0,0,0,16,10,0,0,0,0,0,11,7,0,0,0,0,0,14,3,0,0,0,3,0,12,246,23,62,6,144,6,494
SSC80030,0,0,0,0,0,0,0,0,0,0,0,0,0,0,0,0,0,0,0,0,0,0,0,3,0,0,0,3,0,0,0,0,0,0,0,0,0,0,0,3,0,3,0,0,0,0,0,0,0,10,3,5,0,9,0,29,0,0,0,0,0,0,3,0,0,0,0,0,0,0,0,0,0,0,0,0,0,0,0,0,0,0,0,0,0,0,0,0,0,0,0,0,0,0,0,0,0,0,0,0,0,0,0,0,0,14,3,15,0,14,0,37
SSC80031,0,0,0,0,0,0,0,0,0,0,0,0,0,0,0,0,0,0,0,0,0,0,0,0,0,0,0,0,0,0,0,0,0,0,0,0,0,0,0,0,0,0,0,0,0,0,0,0,0,0,0,0,0,0,0,0,0,0,0,0,0,0,0,0,0,0,0,0,0,0,0,0,0,0,0,0,0,0,0,0,0,0,0,0,0,0,0,0,0,0,0,0,0,0,0,0,0,0,0,0,0,0,0,0,0,0,0,0,0,0,0,0
SSC80032,0,0,3,0,0,0,4,0,4,0,0,0,0,4,0,8,0,0,0,0,13,0,6,0,0,0,0,7,0,3,3,0,0,0,7,0,0,5,0,26,0,26,17,0,9,0,15,0,39,145,0,46,0,8,0,197,110,0,22,0,6,0,139,46,0,13,0,0,0,56,0,0,5,0,0,0,4,0,0,0,0,0,0,0,0,0,0,0,0,0,0,0,0,0,0,0,0,0,4,0,0,0,0,0,6,328,24,100,3,54,3,512
SSC80033,0,0,3,0,0,3,3,0,0,0,0,0,0,0,0,16,0,0,0,0,12,0,8,0,0,0,0,8,0,3,3,0,0,0,7,0,0,0,0,0,0,0,0,0,0,0,0,0,4,7,0,3,0,0,0,16,20,0,8,0,0,0,22,10,0,0,0,0,0,9,4,0,4,0,0,0,10,9,0,0,0,0,0,9,0,0,0,0,0,0,0,0,0,0,0,0,0,0,0,0,0,0,0,0,3,53,29,21,0,0,3,106
SSC80034,0,6,5,3,0,0,11,0,16,0,0,0,0,16,0,54,3,0,0,0,59,0,28,4,0,0,0,37,0,8,6,0,0,0,13,0,12,4,0,0,0,16,21,11,10,0,0,0,35,60,16,36,0,3,0,119,7,0,6,0,0,0,17,0,0,0,0,0,0,0,0,0,0,0,0,0,0,0,0,0,0,0,0,0,0,0,0,0,0,0,0,0,0,0,0,0,0,0,7,8,6,0,0,0,18,92,168,86,3,9,0,352
SSC80035,0,3,0,0,0,0,5,0,3,0,0,0,0,3,0,15,0,0,0,0,18,3,6,3,0,0,0,11,3,7,5,0,0,0,16,7,0,7,0,0,0,13,55,9,12,0,5,0,81,56,0,24,0,5,0,91,35,0,23,0,5,0,58,18,0,5,0,0,0,21,7,0,0,0,0,0,7,4,0,3,0,0,0,7,0,0,0,0,0,0,0,0,0,0,0,0,0,0,4,3,0,0,4,0,13,190,54,83,3,17,4,350
SSC80036,0,13,6,3,0,3,18,0,17,0,0,0,0,17,0,43,0,0,0,0,42,0,26,3,0,0,0,26,3,9,0,0,0,0,13,0,8,7,0,0,0,16,4,12,11,0,3,0,24,54,14,46,0,7,0,111,33,3,28,0,3,0,61,4,0,0,0,0,0,4,0,0,0,0,0,0,0,0,0,0,0,0,0,0,0,0,0,0,0,0,0,0,0,0,0,0,0,0,3,4,3,0,0,0,9,98,145,100,3,7,3,357
SSC80037,0,0,3,0,0,0,3,0,0,0,0,0,0,0,0,0,5,0,0,0,7,0,0,3,0,0,0,3,0,0,0,0,0,0,7,4,0,3,0,0,0,11,11,0,4,0,0,0,17,186,0,32,0,0,0,217,153,0,47,0,4,0,205,125,0,40,0,4,0,162,32,0,6,0,0,0,37,12,0,5,0,0,0,19,14,0,0,0,0,0,18,15,0,3,0,0,0,18,19,0,4,0,0,0,25,582,0,155,4,8,0,760
SSC80038,0,3,6,0,0,3,11,0,9,0,0,0,0,9,0,20,0,0,0,0,19,0,39,3,3,0,0,44,0,5,0,3,0,0,14,0,11,3,0,10,0,18,3,7,9,0,12,0,28,73,6,29,0,3,0,116,24,0,11,0,0,0,43,16,0,3,0,0,0,21,0,0,0,0,0,0,0,0,0,0,0,0,0,3,0,0,0,0,0,0,0,0,0,0,0,0,0,0,0,3,3,0,0,0,12,118,105,68,10,29,8,333
SSC80039,0,6,4,0,0,3,17,0,15,0,0,0,0,11,0,19,0,0,0,0,19,0,6,4,0,0,0,8,0,0,0,0,0,0,3,0,11,0,0,0,0,6,15,0,12,3,0,0,28,100,5,21,0,4,0,130,29,0,16,0,0,0,46,3,0,0,0,0,0,7,0,0,0,0,0,0,0,0,0,3,0,0,0,3,0,0,0,0,0,0,0,0,0,0,0,0,0,0,0,3,6,0,0,0,8,151,60,68,3,8,7,289
SSC80040,0,0,0,0,0,0,7,0,0,0,0,0,0,0,0,0,0,0,0,0,0,0,0,0,0,0,0,0,0,0,0,0,0,0,0,0,0,0,0,5,0,7,0,0,0,0,3,0,8,13,0,4,0,0,0,16,10,0,7,0,0,0,12,12,0,0,0,0,0,10,3,0,3,0,0,0,5,3,0,0,0,0,0,0,0,0,0,0,0,0,6,0,0,0,0,0,0,0,0,0,3,0,0,0,3,43,3,21,0,7,0,81
SSC80041,0,0,0,0,0,0,0,0,0,0,0,0,0,0,0,0,0,0,0,0,4,0,0,0,0,0,0,3,0,0,3,0,0,0,4,7,0,0,0,68,0,69,50,8,7,14,39,0,116,54,3,25,7,11,0,98,67,0,16,0,4,0,81,43,0,10,0,3,0,59,14,0,3,0,0,0,21,0,0,4,0,0,0,3,0,0,0,0,0,0,3,0,0,0,0,0,0,0,3,0,5,0,3,0,8,243,11,75,19,125,0,471
SSC80042,0,6,4,0,3,8,16,0,14,0,0,0,0,11,0,23,3,0,0,0,27,3,10,7,0,0,0,17,5,3,9,0,0,0,20,25,10,7,0,0,0,38,52,3,10,0,3,0,60,60,8,17,0,0,3,88,70,4,27,0,0,0,102,44,0,3,0,0,0,46,17,0,6,0,0,0,19,11,0,0,0,0,0,8,3,0,3,0,0,0,5,3,0,0,0,0,0,3,3,3,3,0,0,0,11,288,76,101,0,7,6,480
SSC80043,0,3,4,0,0,7,21,0,5,0,0,0,0,5,0,16,0,0,0,0,15,0,3,0,0,0,0,10,0,0,3,0,0,0,3,0,3,0,0,0,0,6,6,0,13,0,0,0,19,27,0,10,0,0,0,30,21,0,17,0,0,0,40,40,0,11,0,0,0,49,13,0,4,0,0,0,19,9,0,3,0,0,0,11,3,0,3,0,0,0,8,13,0,3,0,0,0,15,5,3,0,0,0,0,11,137,47,66,0,8,9,260
SSC80044,0,0,0,0,0,0,0,0,0,0,0,0,0,0,0,0,0,0,0,0,0,0,0,0,0,0,0,0,0,0,0,0,0,0,0,0,0,0,0,0,0,0,0,0,0,0,0,0,0,0,0,0,0,0,0,0,0,0,0,0,0,0,0,0,0,0,0,0,0,0,0,0,0,0,0,0,0,0,0,0,0,0,0,0,0,0,0,0,0,0,0,0,0,0,0,0,0,0,0,0,0,0,0,0,0,0,0,0,0,0,0,0
SSC80045,0,3,7,0,0,0,6,0,6,0,0,0,0,6,0,22,0,0,0,0,23,0,3,3,0,0,0,10,0,3,3,0,3,0,14,7,7,3,0,0,0,19,43,11,18,5,3,0,75,107,0,31,3,0,0,149,54,0,38,0,0,0,96,8,0,10,0,0,0,15,6,0,13,0,0,0,17,0,0,0,0,0,0,0,0,0,0,0,0,0,3,3,0,0,0,0,0,3,5,4,0,0,0,0,17,241,61,126,10,11,3,444
SSC80046,0,3,7,0,0,8,15,0,23,0,0,0,0,26,6,36,3,0,0,0,44,0,17,10,0,0,0,25,4,14,3,0,0,0,20,16,15,17,0,0,0,40,23,4,21,0,0,0,52,69,4,35,0,9,0,112,81,11,33,0,5,0,120,24,0,12,0,0,0,37,6,0,3,0,0,0,7,0,0,0,0,0,0,3,3,0,0,0,0,0,3,0,0,3,0,0,0,3,0,3,9,0,0,0,14,223,136,152,0,14,7,529
SSC80047,0,3,0,0,0,0,8,0,12,0,0,0,0,8,0,27,3,0,0,0,28,0,8,0,0,0,0,8,0,10,3,0,0,0,8,3,7,3,0,0,0,11,10,10,0,0,8,0,24,36,12,8,0,5,0,58,30,0,18,0,6,0,49,15,0,4,0,0,0,21,0,0,0,0,0,0,4,0,0,0,0,0,0,4,0,0,0,0,0,0,0,0,0,0,0,0,0,3,0,0,0,0,0,0,7,93,82,45,0,12,3,238
SSC80048,0,3,4,0,0,0,6,0,11,0,0,0,0,11,0,21,0,0,0,0,31,0,24,3,0,0,0,29,0,8,7,4,0,0,18,0,9,9,0,11,0,29,8,6,9,0,0,0,27,77,11,36,0,0,0,122,79,3,27,0,3,0,119,17,0,7,0,0,0,25,0,0,3,0,0,0,5,0,0,0,0,0,0,0,0,0,0,0,0,0,0,0,0,0,0,0,0,0,3,9,3,0,0,0,18,191,111,102,7,21,3,442
SSC80049,0,4,11,0,0,3,22,0,9,0,0,0,0,9,0,24,0,0,0,0,30,3,19,3,0,0,0,31,0,3,3,0,0,0,8,0,9,0,0,0,0,9,14,8,10,0,3,0,35,83,12,48,0,3,0,148,34,0,27,0,0,0,64,9,0,4,0,0,0,12,0,0,3,0,0,0,3,0,0,0,0,0,0,0,0,0,0,0,0,0,0,0,0,0,0,0,0,0,0,5,4,0,0,0,14,149,102,121,0,9,10,388
SSC80050,0,0,0,0,0,3,3,0,0,0,0,0,0,0,0,0,0,0,0,0,0,0,0,0,0,0,0,0,0,0,0,0,0,0,0,0,0,0,0,0,0,0,0,0,0,0,0,0,0,5,0,3,0,0,0,8,25,0,9,0,0,0,27,18,0,5,0,0,0,16,10,0,0,0,0,0,10,0,0,0,0,0,0,0,0,0,0,0,0,0,0,0,0,0,0,0,0,0,3,0,0,0,0,0,3,57,0,20,0,0,3,78
SSC80051,3,0,4,0,0,0,9,0,15,0,0,0,0,15,0,9,0,0,0,0,10,3,3,0,0,0,0,7,0,0,4,0,0,0,5,4,3,4,0,0,0,10,22,0,10,0,0,0,29,34,0,16,0,0,0,50,25,4,12,0,3,0,49,12,0,7,0,0,0,15,10,0,0,0,0,0,10,0,0,0,0,0,0,0,0,0,0,0,0,0,0,0,0,0,0,0,0,0,5,3,5,0,0,0,11,119,37,61,0,3,0,224
SSC80052,0,0,3,0,0,0,4,0,11,0,0,0,0,11,0,12,5,0,0,0,14,3,11,3,0,0,0,19,4,4,3,0,0,0,8,14,0,8,0,0,0,24,11,0,14,0,0,0,27,30,3,16,0,0,0,49,28,0,13,0,0,0,40,10,0,0,0,0,0,9,3,0,0,0,0,0,3,0,0,0,0,0,0,0,0,0,0,0,0,0,0,0,0,0,0,0,0,0,0,3,4,0,0,0,4,102,47,64,0,3,3,221
SSC80053,0,6,11,3,0,9,33,0,40,0,0,0,0,43,0,68,0,0,0,0,74,0,52,6,0,0,0,61,0,8,4,0,0,0,10,0,7,6,0,0,0,17,19,15,19,0,3,0,57,146,23,63,0,11,3,242,41,3,16,0,0,0,59,6,0,3,0,0,0,15,3,0,0,0,0,0,3,0,0,0,0,0,0,0,0,0,0,0,0,0,0,0,0,0,0,0,0,0,3,21,8,0,3,0,34,218,249,144,8,17,9,640
SSC80054,0,3,3,0,0,0,13,0,3,0,0,0,0,3,0,14,0,0,0,0,16,0,5,0,0,0,0,11,0,0,3,0,0,0,7,4,3,6,0,0,0,6,0,3,8,0,0,0,6,35,5,14,0,0,0,51,32,3,17,0,0,0,54,4,0,0,0,0,0,9,0,0,0,0,0,0,3,0,0,0,0,0,0,0,0,0,0,0,0,0,0,0,0,3,0,0,0,3,0,3,3,0,0,3,9,77,43,50,3,6,3,187
SSC80055,0,0,3,0,0,0,3,0,3,0,0,0,0,3,0,6,0,0,0,0,8,0,5,0,0,0,0,5,0,0,0,0,0,0,0,3,3,3,3,6,0,15,7,0,0,3,8,0,16,12,0,10,0,4,0,32,87,0,23,0,0,0,107,61,0,17,0,4,0,85,13,0,7,0,0,0,17,0,0,0,0,0,0,0,0,0,3,0,0,0,3,0,0,0,0,0,0,0,0,0,3,0,0,0,5,196,11,69,9,15,0,304
SSC80056,0,0,0,0,0,3,3,0,4,0,0,0,0,4,0,0,0,0,0,0,0,0,0,0,0,0,0,3,0,3,0,0,0,0,3,0,0,0,0,0,0,0,3,0,0,0,0,0,3,43,0,4,0,0,0,50,40,0,11,0,0,0,49,31,0,4,0,0,0,35,11,0,4,0,0,0,14,3,0,0,0,0,0,9,3,0,5,0,0,0,8,23,0,3,0,0,0,20,3,0,0,0,0,0,3,162,9,32,3,3,3,217
SSC80057,0,0,17,0,3,3,21,0,3,0,0,0,0,3,0,7,3,0,3,0,13,4,4,7,0,3,0,24,3,0,3,0,3,0,13,3,0,8,0,10,0,21,151,5,45,0,55,0,253,203,4,68,3,20,3,294,80,0,37,0,4,0,131,52,0,24,0,4,0,87,26,0,4,0,0,0,30,4,0,4,0,0,0,8,0,0,0,0,0,0,0,5,0,3,0,3,0,12,3,0,13,0,5,0,22,533,32,243,3,108,9,928
SSC80058,0,0,3,0,0,0,3,0,0,0,0,0,0,6,0,5,0,0,0,0,5,0,0,0,0,0,0,0,0,0,0,0,0,0,4,0,0,3,0,0,0,0,3,0,3,0,0,0,8,18,3,12,0,0,0,33,6,0,5,0,0,0,9,8,0,0,0,0,0,9,0,0,0,0,0,0,0,0,0,0,0,0,0,0,0,0,0,0,0,0,0,0,0,0,0,0,0,0,0,0,0,0,0,0,3,28,22,29,0,4,0,80
SSC80059,0,0,0,0,0,0,0,0,0,0,0,0,0,0,0,0,0,0,0,0,0,0,0,0,0,0,0,0,0,0,0,0,0,0,0,0,0,0,0,0,0,0,0,0,0,0,0,0,0,0,0,0,0,0,0,3,0,0,0,0,0,0,0,0,0,0,0,0,0,0,0,0,0,0,0,0,0,0,0,0,0,0,0,0,0,0,0,0,0,0,0,0,0,0,0,0,0,0,0,0,0,0,0,0,0,0,0,0,0,3,0,3
SSC80060,0,0,3,0,0,7,14,0,14,0,5,0,0,22,0,11,0,0,0,0,7,4,6,0,0,0,0,13,0,4,0,0,0,0,4,3,7,0,0,10,0,17,10,7,7,0,3,0,31,30,0,11,0,0,0,39,121,0,22,0,7,0,146,27,0,6,0,0,0,30,11,0,3,0,3,0,19,13,0,5,0,0,0,19,3,0,0,0,0,0,3,0,0,0,0,0,0,3,3,5,3,3,0,0,11,225,52,64,9,17,7,376
SSC80061,0,3,0,0,0,6,15,0,11,0,0,0,0,10,0,31,0,0,0,0,34,0,13,0,0,0,0,12,0,10,0,0,0,0,8,0,3,3,0,0,0,14,3,4,7,0,0,0,16,50,9,16,0,0,0,74,35,5,17,0,0,0,58,3,0,3,0,0,0,5,0,0,0,0,0,0,0,0,0,0,0,0,0,0,0,0,0,0,0,0,0,0,0,0,0,0,0,0,0,7,0,0,0,0,8,92,94,43,0,3,6,241
SSC80062,0,0,3,0,0,0,10,0,4,0,0,0,0,4,0,14,0,0,0,0,12,0,10,5,0,0,0,15,0,0,3,0,0,0,3,3,0,5,0,0,0,10,3,9,9,0,0,0,17,42,3,17,0,0,0,66,38,3,22,0,0,0,60,17,0,3,0,0,0,17,3,0,0,0,0,0,4,0,0,0,0,0,0,0,0,0,0,0,0,0,3,0,0,0,0,0,0,0,3,4,3,0,0,0,12,112,46,71,3,3,3,238
SSC80063,0,11,5,0,0,0,22,0,21,0,3,0,0,21,0,54,3,0,0,0,58,0,25,6,0,0,0,26,0,7,3,0,0,0,9,0,6,0,0,10,0,15,13,7,23,4,4,0,51,195,4,66,3,6,0,275,44,3,23,0,0,0,68,22,0,3,0,0,0,30,3,0,0,0,0,0,3,0,0,0,0,0,0,4,3,0,0,0,0,0,3,0,0,0,0,0,0,0,3,9,5,3,3,0,15,286,146,132,18,24,4,609
SSC80064,0,4,3,0,0,0,9,0,8,0,0,0,0,8,0,16,0,0,0,0,16,0,17,0,0,0,0,14,0,3,0,0,0,0,9,0,3,0,0,0,0,7,3,3,3,0,0,0,10,15,10,12,0,0,0,37,38,5,13,0,0,0,50,8,0,0,0,0,0,4,0,0,0,0,0,0,0,0,0,0,0,0,0,0,0,0,0,0,0,0,0,0,0,0,0,0,0,0,0,0,0,0,0,0,3,62,72,35,0,0,0,179
SSC80065,0,0,3,0,0,0,3,0,10,0,0,0,0,10,0,9,3,0,0,0,12,0,6,0,0,0,0,7,3,0,3,0,0,0,9,0,0,3,0,0,0,0,26,0,10,0,4,0,45,181,0,38,0,3,0,225,73,0,20,0,0,0,100,7,0,3,0,0,0,10,0,0,0,0,0,0,0,0,0,0,0,0,0,0,0,0,0,0,0,0,0,0,0,0,0,0,0,0,4,0,0,0,0,0,6,304,33,83,0,9,4,432
SSC80066,0,22,6,0,0,3,34,0,43,0,0,0,0,43,0,59,3,0,0,7,66,0,13,3,0,0,0,21,0,6,3,0,3,0,12,4,8,3,0,6,0,25,88,10,23,0,0,0,121,219,8,41,0,5,0,269,102,0,24,0,0,0,127,41,0,15,0,0,0,55,22,0,3,0,0,0,23,15,0,0,0,0,0,13,3,0,0,0,0,0,3,16,0,6,0,0,0,23,3,6,4,0,0,0,13,512,171,128,7,21,10,848
SSC80067,0,3,7,3,0,0,10,0,3,0,3,0,0,4,0,13,3,0,0,0,10,4,16,11,8,4,0,41,4,9,0,6,0,0,20,19,3,12,3,14,0,53,194,8,33,3,75,0,317,149,0,66,0,20,3,237,202,0,55,0,14,0,272,72,0,29,0,3,0,109,10,0,11,0,0,0,25,3,0,5,0,0,0,7,3,0,0,0,0,0,4,3,0,4,0,0,0,8,9,0,8,0,3,0,21,664,56,247,31,124,9,1121
SSC80068,0,3,3,0,0,8,14,0,7,0,0,0,0,6,0,17,0,0,0,0,19,0,14,7,0,0,0,21,0,6,0,0,0,0,7,18,7,10,0,0,0,35,33,0,17,0,4,0,51,31,3,14,0,0,0,51,40,0,14,0,0,0,51,12,0,4,0,0,0,17,8,0,0,0,0,0,9,5,0,0,0,0,0,5,0,0,0,0,0,0,0,0,0,0,0,0,0,0,0,0,3,0,0,0,5,150,67,70,5,7,8,298
SSC80069,0,0,0,0,0,3,3,0,3,0,0,0,0,3,0,3,0,0,0,0,4,0,0,0,0,0,0,0,0,0,0,0,0,0,0,0,0,0,0,0,0,0,0,0,0,0,0,0,0,0,0,0,0,0,0,0,5,0,0,0,0,0,7,0,0,0,0,0,0,0,0,0,0,0,0,0,0,0,0,0,0,0,0,0,0,0,0,0,0,0,0,0,0,0,0,0,0,0,0,0,0,0,0,0,3,12,5,3,0,0,3,18
SSC80070,0,0,8,0,0,0,7,0,0,0,0,0,0,0,3,3,0,3,0,0,13,0,3,11,0,3,0,16,0,0,9,0,4,0,12,34,0,3,0,15,0,54,196,17,27,5,118,0,368,160,3,48,0,32,0,246,128,0,50,0,5,0,176,96,0,31,0,10,0,135,14,0,15,0,4,0,26,8,0,3,0,0,0,11,0,0,3,0,0,0,3,3,0,0,0,0,0,3,6,0,3,0,5,0,17,649,32,201,9,198,3,1091
SSC80071,0,11,3,0,3,0,13,0,9,0,0,0,0,9,0,13,3,0,0,0,17,0,3,4,3,0,0,11,3,4,3,0,0,0,11,11,0,3,0,0,0,16,61,3,18,0,5,0,82,52,0,24,0,0,0,75,17,0,10,0,0,0,28,11,0,7,0,0,0,15,0,0,0,0,0,0,3,0,0,0,0,0,0,0,0,0,0,0,0,0,0,0,0,0,0,0,0,0,0,0,0,0,0,0,4,158,45,60,3,7,0,281
SSC80072,0,0,3,0,0,3,6,0,12,0,0,0,0,12,0,37,0,0,0,0,36,0,15,3,0,0,0,22,5,6,4,0,3,0,11,4,7,3,0,0,0,19,3,0,15,0,0,0,21,31,4,15,0,0,0,58,27,0,17,0,0,0,38,0,0,0,0,0,0,0,0,0,0,0,0,0,3,0,0,0,0,0,0,0,0,0,0,0,0,0,0,0,0,0,0,0,0,0,3,9,0,0,0,0,11,77,82,64,3,7,3,240
SSC80073,0,0,0,0,0,0,4,0,4,0,0,0,0,8,0,10,0,0,0,0,8,0,4,0,0,0,0,9,3,0,3,0,0,0,4,3,3,4,0,0,0,10,17,3,4,0,0,0,29,46,4,17,0,0,0,61,44,3,16,0,3,0,63,4,0,3,0,0,0,7,0,0,0,0,0,0,3,0,0,0,0,0,0,0,0,0,0,0,0,0,0,0,0,0,0,0,0,0,0,0,0,0,0,0,3,124,33,45,4,6,0,211
SSC80074,0,5,11,0,0,9,20,0,15,0,0,0,0,20,0,46,3,0,0,0,50,4,22,7,0,3,0,34,0,17,9,0,0,0,24,9,15,10,6,4,0,42,77,13,28,0,3,0,116,111,5,48,0,8,0,176,33,0,9,0,0,0,41,0,0,0,3,0,0,3,0,0,0,0,0,0,0,0,0,0,0,0,0,0,0,0,0,0,0,0,0,0,0,0,0,0,0,0,3,15,4,0,0,0,17,242,150,119,17,16,11,553
SSC80075,0,4,4,0,0,0,5,0,16,0,0,0,0,16,0,25,3,3,0,0,27,3,3,3,3,0,0,11,8,0,0,0,0,0,8,22,3,4,0,0,0,28,14,3,14,0,0,0,31,23,0,10,0,0,0,36,26,0,10,0,0,0,40,17,3,3,0,0,0,22,7,0,4,0,0,0,11,3,0,0,0,0,0,3,0,0,0,0,0,0,0,0,0,0,0,0,0,0,0,3,6,0,3,0,10,122,59,65,4,3,0,261
SSC80076,0,0,0,0,0,0,0,0,0,0,0,0,0,0,0,0,0,0,0,0,0,0,0,0,0,0,0,0,0,0,0,0,0,0,0,0,0,0,0,0,0,0,0,0,0,0,0,0,0,0,0,0,0,0,0,0,0,0,0,0,0,0,0,0,0,0,0,0,0,0,0,0,0,0,0,0,0,0,0,0,0,0,0,0,0,0,0,0,0,0,0,0,0,0,0,0,0,0,0,0,0,0,0,0,0,0,0,0,0,0,0,0
SSC80077,0,0,4,0,0,3,6,0,4,0,0,0,0,4,0,8,0,0,0,0,12,0,3,0,0,3,0,5,0,0,0,0,0,0,3,0,3,0,0,0,0,4,0,0,0,0,0,0,7,18,3,12,0,0,0,37,41,0,7,0,0,0,46,18,0,0,0,0,0,16,6,0,0,0,0,0,11,7,0,0,0,0,0,7,4,0,0,0,0,0,4,3,0,0,0,0,0,3,5,3,0,0,0,0,6,99,22,34,6,7,4,176
SSC80078,0,0,3,0,0,0,6,0,4,0,0,0,0,4,0,14,0,0,0,0,13,0,3,3,0,0,0,9,0,3,6,0,0,0,7,0,4,6,0,0,0,14,14,3,11,0,0,0,35,108,5,73,0,5,0,196,33,3,14,0,0,0,53,4,0,0,0,0,0,3,3,0,0,0,0,0,3,0,0,0,0,0,0,0,0,0,0,0,0,0,0,0,0,0,0,0,0,0,3,0,5,0,0,0,10,160,40,126,0,11,3,348
SSC80079,0,0,0,0,0,0,3,0,3,0,0,0,0,3,0,7,0,0,0,0,7,0,3,0,0,0,0,3,0,0,0,0,0,0,0,0,0,0,0,0,0,0,11,0,0,5,0,0,16,11,0,0,0,0,0,13,3,0,0,0,0,0,3,3,0,0,0,0,0,3,0,0,0,0,0,0,0,0,0,0,0,0,0,0,0,0,0,0,0,0,0,0,0,0,0,0,0,0,3,0,0,0,0,0,3,30,10,4,4,0,0,53
SSC80080,3,9,12,0,0,3,20,0,22,0,0,0,0,22,0,36,5,0,0,0,50,0,20,5,4,0,0,29,0,6,3,0,0,0,11,3,3,3,0,0,0,12,6,4,7,0,0,0,23,89,13,49,0,5,0,157,105,0,48,0,5,0,161,20,0,15,0,0,0,39,6,0,12,0,0,0,17,0,0,3,3,0,0,6,0,0,3,0,0,0,3,0,0,6,0,0,0,10,0,9,3,3,0,0,15,244,118,183,5,14,8,570
SSC80081,0,28,21,0,0,7,61,0,71,0,0,0,0,68,0,138,9,3,0,0,147,3,85,12,4,0,0,99,0,31,8,0,0,0,38,3,42,11,0,0,0,52,34,32,48,3,0,0,114,194,41,117,0,7,0,359,103,7,42,0,3,0,161,27,0,3,0,0,0,30,11,0,3,0,0,0,16,3,0,0,0,0,0,3,3,0,0,0,0,0,6,0,0,0,0,0,0,0,7,29,10,0,4,0,54,385,497,284,10,15,15,1203
SSC80082,0,3,7,3,3,5,27,3,12,0,0,0,0,15,0,20,3,0,0,0,23,3,7,3,0,0,0,11,3,0,3,0,0,0,4,12,3,5,0,7,0,29,18,5,13,0,3,0,32,361,4,71,0,4,0,436,287,3,65,0,4,0,358,150,0,29,0,0,0,186,44,0,19,0,0,0,60,24,0,6,0,0,0,29,17,0,8,0,0,0,21,15,0,3,0,0,0,22,13,0,0,0,0,0,19,937,53,238,4,21,7,1266
SSC80083,0,4,11,0,0,3,12,0,7,0,0,0,0,7,0,24,3,0,0,0,25,0,14,0,0,0,0,16,0,7,3,0,0,0,10,4,13,0,0,0,0,16,7,8,7,0,0,0,13,63,7,27,0,3,0,102,22,0,10,0,0,0,33,7,0,0,0,0,0,9,0,0,0,0,0,0,0,0,0,0,0,0,0,0,0,0,0,0,0,0,0,0,0,0,0,0,0,0,0,9,0,0,0,0,7,111,82,65,0,6,3,268
SSC80084,0,0,0,0,0,0,0,0,0,0,0,0,0,0,0,0,0,0,0,0,0,0,0,0,0,0,0,0,0,0,0,0,0,0,0,0,0,0,0,0,0,0,0,0,0,0,0,0,0,0,0,0,3,0,0,10,0,0,4,0,0,0,4,0,0,0,0,0,0,0,0,0,0,0,0,0,0,0,0,0,0,0,0,0,0,0,0,0,0,0,0,0,0,0,0,0,0,0,0,0,0,0,0,0,0,3,0,3,3,0,0,12
SSC80085,0,19,13,0,0,3,37,0,39,0,0,0,0,39,0,71,5,0,0,4,82,5,19,5,6,0,0,34,0,13,7,0,4,0,24,30,14,8,0,13,0,67,127,14,36,0,14,0,188,289,7,88,3,6,0,395,108,0,40,0,6,0,151,56,0,23,0,0,0,80,14,0,8,0,0,0,22,3,0,3,0,0,0,7,3,0,0,0,0,0,3,4,0,0,0,0,0,4,11,19,6,4,0,0,33,651,213,232,16,46,10,1167
SSC80086,0,18,3,0,0,5,27,0,23,0,0,0,0,25,0,34,3,3,0,0,38,0,24,4,3,0,0,33,13,4,3,0,6,0,25,33,7,7,0,4,0,57,98,4,23,0,3,0,131,78,5,22,0,3,0,113,53,3,12,0,3,0,74,25,0,4,0,0,0,25,8,0,0,0,0,0,8,0,0,0,0,0,0,0,0,0,0,0,0,0,0,0,0,0,0,0,0,3,4,7,4,0,4,0,18,313,135,87,11,29,7,583
SSC80087,0,0,0,0,0,0,0,0,0,0,0,0,0,0,0,0,0,0,0,0,0,0,0,0,0,0,0,0,0,0,0,0,0,0,0,0,0,0,0,3,0,3,0,0,0,0,0,0,0,4,0,5,0,0,0,13,10,0,3,0,0,0,16,6,0,0,0,0,0,6,0,0,0,0,0,0,0,0,0,0,0,0,0,0,0,0,0,0,0,0,0,0,0,0,0,0,0,0,0,0,0,0,0,0,3,24,5,16,0,3,0,44
SSC80088,0,0,8,0,0,3,8,0,3,0,0,0,0,3,0,16,0,0,0,0,19,0,23,3,0,0,0,28,3,6,0,0,0,0,14,3,11,5,0,3,0,18,13,3,16,0,3,0,36,193,8,65,3,3,0,271,45,5,25,0,0,0,78,8,0,0,0,0,0,8,0,0,0,0,0,0,0,0,0,3,0,0,0,3,0,0,0,0,0,0,0,0,0,0,0,0,0,0,9,3,5,0,0,0,15,278,78,135,3,8,4,511
SSC80089,0,10,3,0,0,3,20,0,16,0,0,0,0,17,0,35,4,0,0,0,43,0,25,0,0,0,0,28,3,7,3,0,0,0,16,13,4,4,0,0,0,23,45,4,21,0,0,0,75,77,7,25,0,0,0,112,58,0,21,0,0,0,84,4,0,7,0,0,0,12,3,0,4,0,0,0,5,0,0,0,0,0,0,0,0,0,0,0,0,0,0,0,0,0,0,0,0,3,0,0,3,0,3,0,12,216,114,104,3,6,3,452
SSC80090,0,5,10,0,0,0,18,0,18,0,0,0,0,19,0,20,0,0,0,0,23,3,8,10,0,0,0,22,11,6,8,0,0,0,21,33,3,8,0,0,0,50,91,8,18,0,0,0,118,63,3,26,0,3,3,94,60,3,24,0,0,0,88,17,0,3,0,0,0,28,6,0,0,0,0,0,6,0,0,0,0,0,0,0,0,0,3,0,0,0,3,3,0,0,0,0,0,3,4,4,7,0,0,0,14,291,95,110,3,10,3,514
SSC80091,0,4,3,0,0,3,12,0,7,0,0,0,0,7,0,27,0,0,0,0,29,0,3,3,0,0,0,10,0,4,0,0,0,0,4,3,3,0,0,0,0,7,0,9,0,0,0,0,15,26,8,10,0,3,0,48,24,0,8,0,0,0,36,7,0,3,0,0,0,12,4,0,0,0,0,0,12,0,0,0,0,0,0,0,0,0,0,0,0,0,0,0,0,0,0,0,0,0,0,5,5,0,0,0,12,66,76,42,3,5,3,197
SSC80092,0,5,11,0,0,5,15,0,11,0,0,0,0,11,0,30,0,0,0,0,30,0,10,0,0,0,0,16,0,7,0,0,0,0,10,0,3,0,0,0,0,11,14,9,4,0,0,0,27,35,4,19,0,4,0,70,25,0,7,0,0,0,37,11,0,4,0,0,0,10,0,0,0,0,0,0,0,0,0,0,0,0,0,0,0,0,0,0,0,0,0,0,0,0,0,0,0,0,0,4,3,0,0,0,7,90,87,53,0,5,5,249
SSC80093,0,0,0,0,0,0,0,0,0,0,0,0,0,0,0,0,0,0,0,0,0,0,0,0,0,0,0,0,0,0,0,0,0,0,0,0,0,0,0,0,0,0,0,0,0,0,0,0,0,0,0,0,0,0,0,0,0,0,0,0,0,0,0,0,0,0,0,0,0,0,0,0,0,0,0,0,0,0,0,0,0,0,0,0,0,0,0,0,0,0,0,0,0,0,0,0,0,0,0,0,0,0,0,0,0,0,0,0,0,0,0,0
SSC80094,0,0,0,0,0,0,0,0,0,0,0,0,0,0,0,0,0,0,0,0,0,0,0,0,0,0,0,0,0,0,0,0,0,0,0,0,0,0,0,0,0,0,0,0,0,0,0,0,0,0,0,0,0,0,0,0,0,0,0,0,0,0,0,0,0,0,0,0,0,0,0,0,0,0,0,0,0,0,0,0,0,0,0,0,0,0,0,0,0,0,0,0,0,0,0,0,0,0,0,0,0,0,0,0,0,0,0,0,0,0,0,0
SSC80095,0,0,9,0,0,3,10,0,10,0,0,0,0,9,0,18,0,0,3,0,18,0,3,3,0,0,0,14,0,3,3,0,0,0,12,3,0,9,0,5,0,14,0,4,17,0,0,0,22,101,3,52,0,4,0,158,66,0,14,0,3,0,86,9,0,3,0,3,0,17,4,0,0,0,0,0,4,0,0,0,0,0,0,0,0,0,0,0,0,0,0,0,0,0,0,0,0,0,5,6,3,0,0,0,13,191,42,109,9,21,5,372
SSC80096,0,0,0,0,0,0,0,0,0,0,0,0,0,0,0,0,0,0,0,0,0,0,0,0,0,0,0,0,0,0,0,0,0,0,0,0,0,0,0,0,0,0,0,0,0,0,0,0,0,0,0,0,0,0,0,0,0,0,0,0,0,0,0,0,0,0,0,0,0,0,0,0,0,0,0,0,0,0,0,0,0,0,0,0,0,0,0,0,0,0,0,0,0,0,0,0,0,0,0,0,0,0,0,0,0,0,0,0,0,0,0,4
SSC80097,0,35,10,0,0,7,49,0,38,0,4,0,0,43,0,76,3,8,0,0,82,0,48,3,23,3,0,76,0,11,3,7,0,0,20,10,16,11,8,0,0,44,32,13,21,5,3,0,74,148,9,56,0,11,3,227,86,8,51,0,0,0,151,37,0,20,0,0,0,59,21,0,3,0,0,0,27,16,0,3,0,0,0,19,8,0,3,0,0,0,10,13,0,3,0,0,0,15,7,18,3,4,7,0,39,375,276,194,54,20,11,920
SSC80098,4,6,14,0,0,0,32,0,20,0,0,0,0,25,0,38,5,0,0,0,50,4,19,5,0,0,0,34,3,17,10,0,3,0,33,0,8,9,0,12,0,35,60,10,34,0,9,0,117,406,15,149,0,7,0,582,74,3,41,0,3,0,119,16,0,9,0,0,0,20,3,0,3,0,0,0,5,0,0,0,0,0,0,0,0,0,0,0,0,0,3,0,0,0,0,0,0,3,3,12,4,0,3,3,27,579,154,287,3,39,4,1076
SSC80099,0,4,3,0,0,7,13,0,5,0,0,0,0,5,3,12,0,0,0,0,17,0,3,7,0,0,0,10,0,0,0,0,0,0,3,4,4,0,0,21,0,29,11,8,5,0,22,0,48,35,7,21,0,6,0,68,80,0,22,0,3,0,103,26,0,11,0,0,0,41,15,0,3,0,0,0,19,4,0,0,0,0,0,4,0,0,0,0,0,0,0,3,0,0,0,0,0,3,3,0,3,0,0,0,9,179,46,70,3,62,7,360
SSC80100,0,18,11,0,0,13,39,0,37,0,0,0,0,43,3,74,8,0,0,0,85,7,33,7,0,0,0,50,0,12,9,0,0,0,21,8,14,8,4,3,0,41,35,14,32,3,0,0,81,102,10,48,3,3,0,166,125,3,45,0,9,0,182,43,0,19,0,0,0,61,31,0,15,0,0,0,43,10,0,4,0,0,0,20,3,0,3,0,0,0,5,7,0,3,0,0,0,7,3,11,3,0,0,0,18,368,223,217,17,18,13,859
SSC80101,0,0,0,0,0,0,0,0,0,0,0,0,0,0,0,0,0,0,0,0,0,0,0,0,0,0,0,0,0,0,0,0,0,0,0,0,0,0,0,0,0,0,0,0,0,0,0,0,0,0,0,0,0,0,0,0,0,0,3,0,0,0,3,0,0,0,0,0,0,3,0,0,0,0,0,0,0,3,0,0,0,0,0,0,3,0,0,0,0,0,3,7,0,4,0,0,0,15,0,0,0,0,3,0,3,16,0,13,0,3,0,34
SSC80102,0,4,0,0,0,0,4,0,6,0,0,0,0,6,0,10,0,5,0,0,19,0,3,4,3,0,0,15,0,3,4,0,0,0,12,4,0,0,0,0,0,4,0,0,3,0,0,0,7,3,0,0,0,0,0,3,0,0,0,0,0,0,0,0,0,0,0,0,0,0,0,0,0,0,0,0,0,0,0,0,0,0,0,0,0,0,0,0,0,0,0,0,0,0,0,0,0,0,0,3,0,0,0,0,3,11,31,15,15,0,0,68
SSC80103,0,3,0,0,0,0,4,0,10,0,0,0,0,7,0,12,0,0,0,0,19,0,11,0,0,0,0,7,0,7,0,0,0,0,13,0,10,0,0,0,0,11,7,7,8,0,0,0,18,22,9,11,0,0,0,40,15,0,3,0,0,0,20,8,0,0,0,0,0,9,0,0,0,0,0,0,0,0,0,0,0,0,0,0,0,0,0,0,0,0,0,0,0,0,0,0,0,0,0,0,0,0,0,0,0,55,70,25,3,3,0,156
SSC80104,0,9,7,0,0,0,15,0,10,3,0,0,0,8,4,20,0,5,0,3,28,0,9,3,3,0,0,18,3,4,5,0,0,0,12,3,8,4,0,0,0,22,28,3,23,0,3,0,51,100,5,54,0,5,0,167,38,0,19,0,0,0,57,5,0,0,0,0,0,4,3,0,0,0,0,0,3,0,0,0,0,0,0,0,0,0,0,0,0,0,0,0,0,0,0,0,0,0,7,4,3,5,0,3,19,187,66,125,16,10,3,412
SSC80105,0,9,4,0,0,0,19,0,13,0,0,0,0,13,4,32,3,0,0,0,41,0,13,3,0,0,0,19,0,7,0,0,0,0,12,0,8,3,0,3,0,15,24,5,9,0,9,0,54,206,11,61,0,14,0,289,54,0,28,0,0,0,91,15,0,5,0,0,0,23,3,0,0,0,0,0,8,3,0,0,0,0,0,4,0,0,0,0,0,0,0,0,0,0,0,0,0,0,3,6,3,0,6,0,13,326,100,135,0,28,4,595
SSC80106,0,0,0,0,0,0,0,0,0,0,0,0,0,0,0,0,0,0,0,0,0,0,0,0,0,0,0,0,0,0,0,0,0,0,0,0,0,0,0,0,0,0,0,0,0,0,0,0,0,0,0,0,0,0,0,0,0,0,0,0,0,0,0,0,0,0,0,0,0,0,0,0,0,0,0,0,0,0,0,0,0,0,0,0,0,0,0,0,0,0,0,0,0,0,0,0,0,0,0,0,0,0,0,0,0,0,0,0,0,0,0,0
SSC80107,0,4,3,0,0,7,10,0,8,0,20,0,0,30,0,21,0,8,0,0,31,0,7,0,3,0,0,8,0,3,0,0,0,0,3,3,0,3,0,0,0,9,19,0,5,0,0,0,29,43,3,16,0,0,0,63,34,0,13,0,0,0,53,12,0,3,0,0,0,17,5,0,0,0,0,0,5,0,0,0,0,0,0,0,0,0,0,0,0,0,0,0,0,0,0,0,0,0,0,0,3,0,3,0,7,125,51,54,27,4,9,275
SSC80108,4,5,0,0,0,0,18,0,21,0,0,0,0,23,0,18,0,0,0,0,21,4,8,0,0,0,0,19,0,3,6,0,0,0,13,9,0,3,0,0,0,9,163,3,52,0,5,0,222,291,0,83,0,5,0,384,67,0,25,0,0,0,88,12,0,0,0,0,0,13,3,0,0,0,0,0,3,0,0,0,0,0,0,4,0,0,0,0,0,0,0,0,0,0,0,0,0,3,14,3,5,0,0,0,27,560,70,188,4,14,3,837
SSC80109,0,0,0,0,0,3,3,0,0,0,0,0,0,0,0,0,0,0,0,0,0,0,0,0,0,0,0,0,0,0,0,0,0,0,0,0,0,0,0,0,0,0,0,0,0,0,0,0,0,0,0,3,0,0,0,3,0,0,0,0,0,0,0,0,0,0,0,0,0,0,0,0,0,0,0,0,0,0,0,0,0,0,0,0,0,0,0,0,0,0,0,0,0,0,0,0,0,0,0,0,0,0,0,0,0,0,0,13,0,3,3,16
SSC80110,0,9,9,0,6,3,25,0,16,0,0,0,0,17,0,30,0,0,0,0,30,0,7,3,0,0,0,9,0,4,0,0,0,0,6,11,4,4,0,0,0,21,27,3,8,0,0,0,37,21,3,19,0,3,0,40,20,3,8,0,3,0,34,16,0,5,0,0,0,28,15,0,9,0,0,0,24,13,0,0,0,0,0,18,6,0,4,0,0,0,10,11,0,4,0,0,0,14,3,3,3,4,0,0,11,142,83,74,10,11,3,317
SSC80111,0,34,3,0,0,4,45,0,48,0,0,0,0,46,0,51,0,9,5,0,59,0,15,3,6,0,0,21,0,10,0,0,0,0,12,0,3,0,0,0,0,11,18,4,11,0,0,0,35,60,9,25,0,7,0,103,26,0,20,0,3,0,52,13,0,0,0,0,0,14,6,0,8,0,0,0,11,0,0,0,0,0,0,0,5,0,0,0,0,0,5,3,0,0,0,0,0,4,4,5,0,0,0,0,9,143,174,68,20,13,11,425
SSC80112,0,3,3,0,0,0,7,0,15,0,0,0,0,15,0,40,0,0,0,0,42,0,21,3,0,0,0,27,0,15,0,0,0,0,15,0,6,5,0,0,0,10,9,14,9,0,0,0,25,45,22,13,0,0,0,87,10,0,18,0,3,0,33,4,0,0,0,0,0,7,0,0,0,0,0,0,0,0,0,0,0,0,0,0,0,0,0,0,0,0,0,0,0,0,0,0,0,3,0,3,0,0,0,0,9,74,141,59,7,8,0,276
SSC80113,0,5,0,0,0,3,14,0,21,0,0,0,0,21,0,49,3,0,0,0,54,0,14,3,3,0,0,21,0,12,3,0,0,0,9,0,18,3,0,0,0,22,7,13,3,0,0,0,22,39,16,24,0,0,0,87,36,3,18,0,0,0,54,6,0,0,0,0,0,4,0,0,0,0,0,0,0,0,0,0,0,0,0,0,0,0,0,0,0,0,0,0,0,0,0,0,0,3,0,4,7,0,0,0,13,93,153,71,4,4,4,326
SSC80114,0,0,0,0,0,0,0,0,0,0,0,0,0,0,0,0,0,0,0,0,0,0,0,0,0,0,0,0,0,0,0,0,0,0,0,0,0,0,0,0,0,0,0,0,0,0,0,0,0,0,0,0,0,0,0,0,0,0,0,0,0,0,0,0,0,0,0,0,0,0,0,0,0,0,0,0,0,0,0,0,0,0,0,0,0,0,0,0,0,0,0,0,0,0,0,0,0,0,0,0,0,0,0,0,0,0,0,0,0,0,0,0
SSC80115,0,8,7,0,0,3,20,0,20,0,0,0,0,20,0,31,0,0,0,0,35,0,12,6,4,0,0,21,3,5,4,0,0,0,13,18,0,11,0,0,0,36,36,10,14,0,0,0,55,82,6,40,0,3,3,133,15,0,15,0,0,0,33,5,3,0,0,0,0,8,0,0,0,0,0,0,0,0,0,0,0,0,0,0,0,0,0,0,0,0,0,0,0,0,0,0,0,0,0,6,4,0,0,0,7,161,105,100,5,3,3,376
SSC80116,0,5,0,0,0,0,12,0,7,0,0,0,0,11,0,27,0,0,0,0,27,0,14,0,0,0,0,17,0,4,0,0,0,0,4,0,9,3,0,0,0,12,0,3,3,0,0,0,4,32,11,17,0,0,0,55,15,0,15,0,0,0,31,3,0,4,0,0,0,8,0,0,0,0,0,0,0,0,0,0,0,0,0,0,0,0,0,0,0,0,0,0,0,0,0,0,0,0,3,4,0,0,0,0,7,57,88,39,0,4,0,200
SSC80117,0,5,0,0,0,3,5,0,7,0,0,0,0,7,0,14,0,0,0,0,20,0,9,0,0,0,0,9,3,6,0,0,0,0,12,0,6,0,0,26,0,26,0,0,0,0,3,0,7,18,5,14,0,0,0,36,21,0,6,0,0,0,28,6,0,0,0,0,0,10,0,0,0,0,0,0,0,0,0,0,0,0,0,0,0,0,0,0,0,0,3,0,0,0,0,0,0,0,0,3,0,0,0,0,5,52,52,28,3,26,3,169
SSC80118,0,0,0,0,0,0,3,0,0,0,0,0,0,0,0,0,0,0,14,0,15,0,0,0,0,4,0,7,0,0,0,0,17,0,22,0,10,0,0,18,0,23,0,0,0,0,7,0,5,0,0,0,0,3,0,3,0,0,0,0,3,0,3,0,0,0,0,0,0,0,0,0,0,0,0,0,0,0,0,0,0,0,0,0,0,0,0,0,0,0,0,0,0,0,0,0,0,0,0,0,0,0,0,0,0,5,7,6,0,70,0,89
SSC80119,0,0,0,0,0,0,0,0,0,0,0,0,0,0,0,0,0,0,0,0,0,0,0,0,0,0,0,0,0,0,0,0,0,0,0,0,0,0,0,0,0,0,0,0,0,0,0,0,0,0,0,0,0,0,0,3,0,0,0,0,0,0,0,0,0,0,0,0,0,0,0,0,0,0,0,0,0,0,0,0,0,0,0,0,0,0,0,0,0,0,0,0,0,0,0,0,0,0,0,0,0,0,0,0,0,0,0,4,0,0,0,3
SSC80120,0,8,0,0,0,3,13,0,3,0,0,0,0,3,0,21,3,0,0,0,24,0,16,3,0,0,0,20,0,5,0,0,0,0,5,0,6,3,0,0,0,16,11,9,8,0,0,0,26,65,8,33,0,0,0,110,9,0,11,0,0,0,30,9,0,0,0,0,0,10,0,0,0,0,0,0,0,0,0,0,0,0,0,0,0,0,0,0,0,0,0,0,0,0,0,0,0,0,0,13,0,0,0,0,16,94,84,64,0,3,3,253
SSC80121,0,0,0,0,0,0,0,0,0,0,0,0,0,0,0,0,0,0,0,0,0,0,0,0,0,0,0,0,0,0,0,0,0,0,0,0,0,0,0,0,0,0,0,0,0,0,0,0,0,0,0,0,0,0,0,0,0,0,0,0,0,0,0,0,0,0,0,0,0,0,0,0,0,0,0,0,0,0,0,0,0,0,0,0,0,0,0,0,0,0,0,0,0,0,0,0,0,0,0,0,0,0,0,0,0,0,0,0,0,0,0,0
SSC80122,0,3,4,0,0,4,14,0,14,0,0,0,0,14,0,6,0,0,0,0,9,3,13,0,3,0,0,16,0,6,0,0,0,0,4,3,3,0,0,0,0,5,11,4,3,0,0,0,17,42,0,20,0,0,0,73,28,0,11,0,0,0,32,4,0,0,0,0,0,7,3,0,0,0,0,0,0,0,0,0,0,0,0,0,0,0,0,0,0,0,3,0,0,0,0,0,0,0,3,0,0,0,0,0,0,89,53,47,3,3,8,198
SSC80123,3,15,11,0,0,6,36,0,30,0,0,0,0,30,3,68,3,0,0,0,67,6,16,5,0,0,0,21,0,27,6,0,0,0,37,5,41,8,0,3,0,64,21,3,21,0,3,0,54,277,12,77,3,4,0,372,200,7,59,0,8,0,266,66,0,23,0,0,0,96,31,0,11,0,0,0,45,12,0,10,0,0,0,17,0,0,0,0,0,0,4,5,0,0,0,0,0,5,8,7,4,0,0,0,27,632,227,245,3,28,9,1142
SSC80124,0,0,0,0,0,0,0,0,0,0,0,0,0,0,0,3,0,0,0,0,3,0,4,0,0,0,0,3,0,0,0,0,0,0,0,0,0,0,0,0,0,0,0,0,0,0,0,0,0,0,4,0,0,0,0,5,0,0,0,0,0,0,0,0,0,0,0,0,0,0,0,0,0,0,0,0,0,0,0,0,0,0,0,0,0,0,0,0,0,0,0,0,0,0,0,0,0,0,0,0,0,0,0,0,0,0,8,3,0,0,0,13
SSC80125,0,19,5,0,0,8,35,0,33,0,0,0,0,33,0,76,5,0,0,0,79,0,35,0,0,0,0,39,0,12,3,4,0,0,13,4,7,7,0,0,0,18,22,12,6,3,0,0,46,83,21,49,0,4,0,157,66,3,31,0,0,0,99,12,0,4,0,0,0,20,5,0,0,0,0,0,10,0,0,0,0,0,0,0,0,0,0,0,0,0,0,0,0,0,0,0,0,0,4,19,11,0,0,0,33,199,244,123,11,11,4,590
SSC80126,0,4,0,0,0,3,8,0,25,0,0,0,0,25,0,44,0,0,0,0,44,3,21,0,0,0,0,24,0,0,3,0,0,0,9,3,5,0,3,0,0,17,15,8,8,0,0,0,31,50,3,21,0,0,0,78,25,0,9,3,0,0,41,13,0,0,0,0,0,10,0,0,0,0,0,0,4,0,0,0,0,0,0,0,0,0,0,0,0,0,0,0,0,0,0,0,0,0,0,4,5,0,3,0,17,118,126,53,3,3,5,307
SSC80127,0,12,9,0,0,4,24,0,31,0,0,0,0,32,3,48,0,0,0,0,57,3,22,5,0,0,0,40,5,7,7,0,0,0,10,24,8,14,0,3,0,51,92,4,35,0,21,0,157,242,7,80,3,19,0,338,100,0,44,0,3,0,151,25,0,3,0,0,0,21,10,0,5,0,0,0,16,3,0,0,0,0,0,3,0,0,0,0,0,0,3,3,0,0,0,0,0,6,3,6,3,0,3,3,16,507,148,213,7,52,8,928
SSC80128,0,0,3,0,0,0,8,0,0,0,0,0,0,0,0,0,0,0,0,0,3,0,0,3,0,0,0,3,0,0,4,0,0,0,5,0,0,3,0,0,0,4,11,0,11,0,0,0,17,20,0,8,0,0,0,23,22,0,10,0,0,0,33,13,0,5,0,0,0,19,0,0,8,0,0,0,9,0,0,0,0,0,0,0,0,0,0,0,0,0,0,0,0,0,0,0,0,0,0,0,0,0,0,0,3,70,0,50,0,5,0,127
SSC80129,0,7,10,0,0,3,23,0,14,0,0,0,0,14,0,20,0,0,0,0,16,0,11,0,0,0,0,10,0,3,3,0,0,0,7,6,7,7,0,0,0,15,13,14,9,0,14,0,46,61,3,16,0,7,0,93,36,3,13,0,0,0,55,13,0,7,0,0,0,15,8,0,3,0,0,0,8,0,0,0,0,0,0,0,0,0,0,0,0,0,3,0,0,0,0,0,0,0,0,3,0,0,0,0,9,136,77,65,0,30,6,319
SSC80130,0,0,0,0,0,0,0,0,0,0,0,0,0,0,0,0,0,0,0,0,0,0,0,3,0,0,0,3,0,0,3,0,0,0,3,0,0,0,0,0,0,4,44,0,12,0,5,0,58,57,0,18,0,3,0,73,45,0,3,0,0,0,52,12,0,3,0,0,0,14,3,0,3,0,0,0,5,4,0,0,0,0,0,4,0,0,0,0,0,0,0,0,0,0,0,0,0,0,3,0,0,0,0,0,3,175,0,42,0,7,3,230
SSC80131,0,3,7,0,3,3,20,0,11,0,0,0,0,8,0,23,0,0,0,0,24,0,9,0,3,0,0,15,0,7,0,0,0,0,3,3,8,6,0,0,0,16,11,3,3,0,0,0,13,14,5,4,0,0,0,27,25,5,15,0,3,0,42,30,0,13,0,0,0,45,11,0,6,0,0,0,18,15,0,0,0,0,0,13,7,0,0,0,0,0,11,10,0,9,0,3,0,15,3,6,0,0,0,0,11,135,66,69,6,6,3,287
SSC89494,0,0,0,0,0,0,0,0,0,0,0,0,0,0,0,0,0,0,0,0,0,0,0,0,0,0,0,0,0,0,0,0,0,0,0,0,0,0,0,0,0,0,0,0,0,0,0,0,0,0,0,0,0,0,0,0,0,0,0,0,0,0,0,0,0,0,0,0,0,0,0,0,0,0,0,0,0,0,0,0,0,0,0,0,0,0,0,0,0,0,0,0,0,0,0,0,0,0,0,0,0,0,0,0,0,0,0,0,0,0,0,0
SSC89797,0,0,0,0,0,0,0,0,0,0,0,0,0,0,0,0,0,0,0,0,0,0,0,0,0,0,0,0,0,0,0,0,0,0,0,0,0,0,0,0,0,0,0,0,0,0,0,0,0,0,0,0,0,0,0,0,0,0,0,0,0,0,0,0,0,0,0,0,0,0,0,0,0,0,0,0,0,0,0,0,0,0,0,0,0,0,0,0,0,0,0,0,0,0,0,0,0,0,0,0,0,0,0,0,0,0,0,0,0,0,0,0
